srcip,dstip,srcport,dstport,proto,ts,td,pkt,byt,type
1730436467,719036359,0,0,ICMP,1458298072364000.0,305.63599999999997,62,1736,background
1730436466,719036359,0,0,ICMP,1458298072364000.0,305.63599999999997,62,1736,background
3627282195,719036341,0,0,ICMP,1458298073000000.0,300.0,31,992,background
607268605,719036341,0,0,ICMP,1458298073004000.0,299.996,31,992,background
3628038305,719036341,0,0,ICMP,1458298073004000.0,299.996,31,992,background
2206870438,719036341,0,0,ICMP,1458298073008000.0,299.992,31,992,background
3383641220,719035195,0,0,GRE,1458298073120000.0,305.88,6501,565509,background
714257883,719036341,62058,54331,UDP,1458298073240000.0,305.76,9008,4362440,background
2968793991,719036242,46556,21,TCP,1458298073336000.0,305.664,204,12060,background
3564553392,719035635,38123,22002,TCP,1458298073360000.0,303.64,120,6528,background
1730436466,719036236,0,0,ICMP,1458298073560000.0,305.44,62,1736,background
3529379502,719036236,0,0,ICMP,1458298073568000.0,305.432,62,1736,background
2206889363,719036359,0,0,ICMP,1458298073604000.0,305.39599999999996,62,1736,background
618839282,719035635,36921,40004,TCP,1458298074120000.0,300.88,300,16664,background
621076693,719036249,161,63061,UDP,1458298074364000.0,304.63599999999997,521,78848,background
637342562,719036242,55980,8000,TCP,1458298074816000.0,300.184,61,2600,background
3543669261,719036341,0,0,ICMP,1458298074964000.0,300.036,31,992,background
3390628210,719036341,0,0,ICMP,1458298074964000.0,300.036,31,992,background
3493936132,719036341,0,0,ICMP,1458298074968000.0,300.032,31,992,background
3506382377,719036341,0,0,ICMP,1458298074976000.0,300.024,61,1952,background
621265703,719036341,161,50244,UDP,1458298075068000.0,305.932,375,42330,background
637342562,719036242,55982,8000,TCP,1458298075112000.0,299.888,61,2600,background
637342562,719036242,55987,8000,TCP,1458298075212000.0,299.788,61,2600,background
3681159974,719034490,1087,1494,TCP,1458298075340000.0,305.66,821,46630,background
3496940395,719036357,0,0,ICMP,1458298076008000.0,299.992,31,992,background
3496971745,719036357,0,0,ICMP,1458298076008000.0,299.992,31,992,background
637339568,719036357,0,0,ICMP,1458298076008000.0,299.992,31,992,background
2206985908,719036357,0,0,ICMP,1458298076012000.0,299.988,31,992,background
3494072368,719036357,0,0,ICMP,1458298076012000.0,299.988,31,992,background
613807286,719036357,0,0,ICMP,1458298076016000.0,299.9840000000001,31,992,background
3493891101,719036359,0,0,ICMP,1458298076276000.0,300.724,61,1708,background
3383203480,719036359,0,0,ICMP,1458298076712000.0,300.288,61,1708,background
1730436474,719036355,0,0,ICMP,1458298076764000.0,305.236,62,1736,background
3626638383,719036359,0,0,ICMP,1458298076840000.0,300.16,61,1708,background
3695744621,719036357,0,0,ICMP,1458298077780000.0,299.22,40,1280,background
707248946,719036341,8291,50781,TCP,1458298078040000.0,304.96,8091,9512317,background
3494153152,719035635,49259,50002,TCP,1458298078956000.0,300.0440000000001,31,1302,background
3542310812,719036341,0,0,ICMP,1458298079016000.0,299.9840000000001,31,992,background
3391812493,719036106,50595,443,TCP,1458298079916000.0,299.084,64,2692,background
3509763835,719036341,0,0,ICMP,1458298080012000.0,299.988,31,992,background
3542539964,719036341,0,0,ICMP,1458298080016000.0,299.9840000000001,61,1952,background
613807286,719036357,161,50084,UDP,1458298080064000.0,305.936,613,62189,background
3627879567,719036242,59128,8000,TCP,1458298080796000.0,300.204,31,2604,background
3109410939,719036255,14757,57043,UDP,1458298080996000.0,303.004,30,2430,background
3627788990,719035635,33092,22011,TCP,1458298081252000.0,296.748,60,3360,background
3383619895,719035635,34363,22002,TCP,1458298081536000.0,306.464,115,6230,background
3543447551,719034665,49176,443,TCP,1458298081576000.0,305.4240000000001,76,4695,background
3515300085,719036106,49304,443,TCP,1458298081800000.0,308.2,53,2120,background
3508670281,719036341,0,0,ICMP,1458298083004000.0,299.996,31,992,background
3644811184,719036280,26924,23741,ESP,1458298083256000.0,307.744,1129,387896,background
3496995075,719036357,161,50084,UDP,1458298083872000.0,301.128,417,32295,background
1053687689,719036341,0,0,ICMP,1458298084008000.0,299.992,31,992,background
3495649489,719036106,33928,443,TCP,1458298084816000.0,301.184,52,2080,background
615106602,719036249,161,63061,UDP,1458298084972000.0,308.028,846,69958,background
3510197005,719036242,34581,8000,TCP,1458298084980000.0,305.02,62,3384,background
3494048355,719036357,0,0,ICMP,1458298085008000.0,299.992,31,992,background
629252513,719036357,0,0,ICMP,1458298085012000.0,299.988,31,992,background
3496491085,719036106,42678,443,TCP,1458298085788000.0,308.212,57,2394,background
3510592743,719035635,39446,22011,TCP,1458298085896000.0,307.1040000000001,62,3472,background
1201900299,719036342,792,37181,ESP,1458298086004000.0,299.996,1575,895528,background
3510477337,719036357,0,0,ICMP,1458298086008000.0,299.992,31,992,background
621269268,719036341,161,50244,UDP,1458298086528000.0,303.472,740,71071,background
630232857,719036106,51424,443,TCP,1458298086800000.0,308.2,117,10802,background
3494072368,719036357,161,50084,UDP,1458298087012000.0,299.988,473,48928,background
607268605,719036357,161,50084,UDP,1458298087052000.0,299.948,433,46970,background
3575760785,719035635,60636,22001,TCP,1458298087096000.0,306.904,122,6856,background
3592957493,719036341,161,50244,UDP,1458298087564000.0,306.436,1368,160300,background
3496494310,719036357,161,50084,UDP,1458298087712000.0,303.288,371,54496,background
2206889696,719036341,0,0,ICMP,1458298087924000.0,305.07599999999996,62,1984,background
621192556,719036341,8291,50494,TCP,1458298088000000.0,300.0,31,6745,background
3383198733,719036341,8291,1603,TCP,1458298088000000.0,300.0,31,6604,background
3494212498,719036341,161,50244,UDP,1458298088004000.0,299.996,525,53099,background
615695613,719036117,333,60712,TCP,1458298088016000.0,300.9840000000001,4681,478788,background
621265703,719035195,0,0,GRE,1458298088272000.0,307.728,844,86866,background
2206889706,719036341,161,50244,UDP,1458298088284000.0,303.716,415,45801,background
1201900299,719036342,792,37181,ESP,1458298088308000.0,300.692,792,183904,background
3652205759,719036359,0,0,ICMP,1458298088608000.0,305.392,61,1708,background
2961357086,719036341,0,0,ICMP,1458298088972000.0,300.028,61,1952,background
3542539964,719036357,0,0,ICMP,1458298089004000.0,304.996,62,1984,background
1053683810,719036242,46822,8000,TCP,1458298089500000.0,310.5,33,2772,background
1137624582,719035635,49042,22011,TCP,1458298090028000.0,307.972,62,3472,background
3627894148,719036357,161,50084,UDP,1458298091004000.0,299.996,182,28570,background
3390734976,719036357,0,0,ICMP,1458298091008000.0,299.992,31,992,background
710622866,719034823,5938,59394,TCP,1458298091180000.0,299.82,61,3904,background
3529379502,719036355,0,0,ICMP,1458298091700000.0,310.3,63,1764,background
3575760785,719035635,41263,22001,TCP,1458298092028000.0,306.972,122,6844,background
3494072368,719036341,0,0,ICMP,1458298092972000.0,300.028,31,992,background
3644811184,719036280,26924,23741,ESP,1458298093160000.0,309.84,71,9800,background
613760871,719036357,161,50084,UDP,1458298094032000.0,310.968,1684,162588,background
1438810573,719036223,443,46645,TCP,1458298094456000.0,298.5440000000001,7622,10941980,background
3515300085,719036106,20851,443,TCP,1458298094652000.0,298.348,55,2510,background
3543668533,719036357,0,0,ICMP,1458298095012000.0,299.988,31,992,background
707249628,719036357,0,0,ICMP,1458298095992000.0,310.008,32,1024,background
3493914595,719036357,0,0,ICMP,1458298096008000.0,309.992,32,1024,background
3510174848,719036357,0,0,ICMP,1458298096012000.0,309.988,32,1024,background
3542903243,719036357,0,0,ICMP,1458298096012000.0,309.988,32,1024,background
3543826537,719035672,61418,65370,UDP,1458298096264000.0,309.736,1282,180228,background
2961357086,719036357,161,50084,UDP,1458298096304000.0,300.69599999999997,434,46275,background
2842639413,719036242,48097,8000,TCP,1458298096720000.0,305.28,62,4216,background
1387408371,719036245,5222,27233,TCP,1458298096760000.0,308.24,159,16947,background
1285799056,719036341,0,0,ICMP,1458298097004000.0,299.996,31,992,background
3738655541,719036357,161,50084,UDP,1458298097716000.0,297.284,706,74670,background
3390703813,719035635,53404,22011,TCP,1458298097724000.0,307.276,62,3472,background
543103281,719035195,443,1256,TCP,1458298098156000.0,309.844,5196,5169101,background
3496988761,719036116,59141,64887,UDP,1458298098220000.0,309.78,1996,298920,background
3667471539,719036252,10130,62115,TCP,1458298098236000.0,309.764,4127,5183515,background
3383199194,719035868,0,0,IPIP,1458298098696000.0,300.3040000000001,977,96727,background
2821347834,719036106,49206,443,TCP,1458298098780000.0,301.22,833,119156,background
2842639413,719036242,48114,8000,TCP,1458298098944000.0,300.056,60,3280,background
1325793539,719034617,4444,53,UDP,1458298098948000.0,299.052,6720,436800,background
2842639413,719036242,48100,8000,TCP,1458298098968000.0,300.032,61,3332,background
2842639413,719036242,48108,8000,TCP,1458298099012000.0,299.988,60,3280,background
707249628,719036357,161,50084,UDP,1458298099012000.0,309.988,31708,2602916,background
2842639413,719036242,48098,8000,TCP,1458298099016000.0,299.9840000000001,61,3332,background
2842639413,719036242,48099,8000,TCP,1458298099020000.0,299.98,61,3332,background
3626417517,719035635,57856,40004,TCP,1458298099124000.0,308.876,603,32058,background
2207014211,719034665,49553,443,TCP,1458298099540000.0,298.46,961,407145,background
3561897846,719036242,42331,8000,TCP,1458298099580000.0,300.42,31,2232,background
3627937996,719036249,161,63061,UDP,1458298099896000.0,296.1040000000001,827,91880,background
1325793539,719034815,4444,53,UDP,1458298099976000.0,300.024,7012,455780,background
637342562,719036242,55983,8000,TCP,1458298100008000.0,299.992,61,2600,background
732179458,719036223,0,0,ICMP,1458298100484000.0,299.51599999999996,113,9492,background
3593134158,719034665,49263,443,TCP,1458298100776000.0,301.224,1614,195515,background
1049231993,719036254,80,52818,TCP,1458298101348000.0,300.652,2684,2644393,background
3542776215,719036242,34792,21,TCP,1458298101404000.0,296.596,136,7622,background
3383199194,719036359,0,0,ICMP,1458298101656000.0,300.344,61,1708,background
3592965760,719036341,0,0,ICMP,1458298101996000.0,300.004,31,992,background
714185923,719035868,0,0,GRE,1458298102008000.0,299.992,4339,550327,background
3493882834,719035635,1209,41001,TCP,1458298102688000.0,300.312,275,11550,background
3506382377,719036357,0,0,ICMP,1458298102920000.0,300.08,61,1952,background
621263950,719032690,52382,80,TCP,1458298102924000.0,291.07599999999996,146,19033,background
2821253733,719036249,161,63061,UDP,1458298102952000.0,300.048,608,62941,background
621263950,719032690,52381,80,TCP,1458298103288000.0,290.712,97,12819,background
3642343655,719035635,53687,40004,TCP,1458298103364000.0,300.63599999999997,514,27410,background
742928647,719034815,80,53,UDP,1458298103488000.0,300.512,1106,71890,background
742928647,719034815,80,53,UDP,1458298103564000.0,300.436,2542,165230,background
621263950,719032690,52385,80,TCP,1458298103852000.0,275.14799999999997,54,6163,background
2842639413,719036242,48113,8000,TCP,1458298103864000.0,300.13599999999997,61,3332,background
2842639413,719036242,48102,8000,TCP,1458298103872000.0,300.128,60,3280,background
2842639413,719036242,48104,8000,TCP,1458298103876000.0,300.124,61,3332,background
2842639413,719036242,48111,8000,TCP,1458298103928000.0,300.072,60,3280,background
2842639413,719036242,48110,8000,TCP,1458298103936000.0,300.064,60,3280,background
2842639413,719036242,48101,8000,TCP,1458298104000000.0,295.0,60,3280,background
3106255543,719035195,443,63230,TCP,1458298104000000.0,300.0,34,4730,background
2842639413,719036242,48103,8000,TCP,1458298104036000.0,299.964,61,3332,background
3496520347,719036224,0,0,IPIP,1458298104736000.0,299.264,223,15108,background
3627443852,719036341,161,50244,UDP,1458298105044000.0,292.95599999999996,206,29741,background
3515300085,719036106,49344,443,TCP,1458298105076000.0,300.9240000000001,478,67835,background
630232857,719036106,49276,443,TCP,1458298105752000.0,294.248,50,2000,background
1730436466,719036355,161,64801,UDP,1458298105852000.0,291.14799999999997,95,7478,background
710622865,719036252,5938,65455,TCP,1458298105960000.0,301.04,704,28501,background
3496494310,719036341,161,50244,UDP,1458298106832000.0,302.168,368,54238,background
630232857,719036106,63575,443,TCP,1458298107748000.0,308.252,101,9698,background
3493870181,719035658,0,0,GRE,1458298108004000.0,308.996,182446,195972969,background
3626732371,719035661,3232,49164,UDP,1458298108004000.0,308.996,58480,17005431,background
3626732371,719035661,3230,49162,UDP,1458298108068000.0,308.932,15401,3080200,background
3644811184,719036282,45708,5531,ESP,1458298108176000.0,308.824,3340,402464,background
3493870167,719035658,0,0,ICMP,1458298108676000.0,308.324,305,455060,background
604304065,719034741,17771,58501,UDP,1458298108832000.0,300.168,359,46238,background
847553395,719036341,161,50244,UDP,1458298108936000.0,307.064,352,27943,background
3592964057,719035635,1420,41001,TCP,1458298109108000.0,300.892,278,11676,background
865073941,719036116,57347,64887,UDP,1458298109284000.0,299.716,393,49394,background
2842639413,719036242,48112,8000,TCP,1458298109780000.0,300.22,60,3280,background
2842639413,719036242,48105,8000,TCP,1458298109788000.0,300.212,60,3280,background
3383203480,719036359,161,3143,UDP,1458298109808000.0,300.192,293,33392,background
2821350843,719036341,8291,39895,TCP,1458298110652000.0,300.348,158,19435,background
3626730350,719035635,4502,41001,TCP,1458298111452000.0,300.548,308,12936,background
3527262167,719035264,22,45107,TCP,1458298111472000.0,300.528,159086,9459253,background
630232857,719036106,49271,443,TCP,1458298111840000.0,298.16,1572,189402,background
2821350839,719036341,161,50244,UDP,1458298111880000.0,292.12,506,39811,background
2821253642,719036249,161,63061,UDP,1458298112568000.0,305.432,337,40465,background
707240675,719036249,161,63061,UDP,1458298112680000.0,305.32,451,50091,background
3627900764,719035868,0,0,IPIP,1458298114028000.0,309.972,1660,167895,background
2206941582,719035629,34223,80,TCP,1458298114816000.0,307.184,82,39480,background
3493870167,719036341,161,50244,UDP,1458298116004000.0,299.996,1155,103610,background
3510180157,719036359,0,0,ICMP,1458298116308000.0,305.692,62,1736,background
3627277285,719036341,161,50244,UDP,1458298116532000.0,302.468,579,69397,background
3494007565,719036357,0,0,ICMP,1458298116548000.0,299.452,31,992,background
3627286024,719036341,161,50244,UDP,1458298116840000.0,302.16,401,42414,background
793257928,719034617,4444,53,UDP,1458298116968000.0,292.032,3717,241605,background
3627934006,719035870,0,0,ICMP,1458298117004000.0,306.996,42,1176,background
3493936132,719036357,161,50084,UDP,1458298117028000.0,303.972,635,62477,background
3564136664,719036092,51711,80,TCP,1458298117652000.0,305.348,2131,177533,blacklist
3515300085,719036106,49349,443,TCP,1458298117800000.0,301.2,855,141048,background
1730436465,719036236,0,0,ICMP,1458298118548000.0,305.452,62,1736,background
3496971307,719036249,161,63061,UDP,1458298118576000.0,299.4240000000001,557,46963,background
3493914567,719036341,161,50244,UDP,1458298118932000.0,300.068,679,66852,background
3383198733,719036341,0,0,ICMP,1458298118992000.0,300.008,31,992,background
3629857982,719036341,0,0,ICMP,1458298118992000.0,300.008,31,992,background
1040915317,719036341,0,0,ICMP,1458298118996000.0,300.004,31,992,background
2206865250,719036341,0,0,ICMP,1458298119000000.0,300.0,31,992,background
637339545,719036341,0,0,ICMP,1458298119000000.0,300.0,31,992,background
3494212498,719036357,0,0,ICMP,1458298119008000.0,299.992,61,1952,background
2821350839,719036357,0,0,ICMP,1458298119012000.0,299.988,61,1952,background
2206889696,719036357,0,0,ICMP,1458298119012000.0,299.988,61,1952,background
3629857982,719036341,161,50244,UDP,1458298119020000.0,299.98,213,28650,background
2206865250,719036357,161,50084,UDP,1458298120024000.0,290.976,834,91632,background
3529389115,719035670,4026,37437,ESP,1458298120036000.0,300.964,8259,1186240,background
793257928,719034815,4444,53,UDP,1458298120268000.0,287.732,3800,247000,background
1137624582,719035635,36485,22011,TCP,1458298120532000.0,297.468,60,3360,background
613765062,719034665,49295,443,TCP,1458298120688000.0,300.312,597,52336,background
3493914567,719036341,0,0,ICMP,1458298120900000.0,290.1,30,960,background
3494212498,719036357,161,50084,UDP,1458298121012000.0,299.988,525,53099,background
3542106968,719036341,0,0,ICMP,1458298121012000.0,299.988,31,992,background
3681159974,719034490,49865,1494,TCP,1458298121012000.0,299.988,301,12040,background
613762129,719035635,18855,41001,TCP,1458298121060000.0,308.94,315,13230,background
2206889338,719036341,161,50244,UDP,1458298121176000.0,296.824,463,48510,background
621218460,719036341,161,50244,UDP,1458298121956000.0,305.0440000000001,368,40226,background
3627277285,719035001,13024,110,TCP,1458298122092000.0,305.908,4391,210811,background
3544106144,719035635,2778,41001,TCP,1458298122516000.0,309.4840000000001,320,13440,background
3140652434,719034617,4444,53,UDP,1458298122724000.0,301.276,4009,260585,background
607268084,719036341,0,0,ICMP,1458298122984000.0,300.01599999999996,31,992,background
3496482772,719036341,0,0,ICMP,1458298122984000.0,300.01599999999996,31,992,background
637339568,719036341,0,0,ICMP,1458298123008000.0,299.992,31,992,background
3593025574,719036341,0,0,ICMP,1458298123008000.0,299.992,31,992,background
3508669844,719036106,52355,443,TCP,1458298123224000.0,300.776,2516,244899,background
630232857,719036106,55059,443,TCP,1458298123468000.0,308.532,134,5360,background
3390877736,719036242,50528,8000,TCP,1458298123516000.0,290.4840000000001,30,2520,background
3543491421,719036242,43410,8000,TCP,1458298123552000.0,280.448,29,2436,background
3626417517,719035635,39430,40004,TCP,1458298123808000.0,300.192,580,30830,background
3817390236,719034473,53,51546,UDP,1458298123816000.0,300.184,861,219555,background
611815459,719036357,161,50084,UDP,1458298123884000.0,292.116,447,34766,background
1335903327,719035635,38673,40004,TCP,1458298123904000.0,300.096,606,33428,background
3627274180,719036341,0,0,ICMP,1458298124000000.0,300.0,31,992,background
613762170,719035195,0,0,GRE,1458298124048000.0,300.952,11498,1162134,background
3626637927,719035868,0,0,GRE,1458298124092000.0,300.908,7804,882040,background
637342578,719036357,161,50084,UDP,1458298124304000.0,300.69599999999997,2510,216596,background
3626732371,719035661,3237,49168,UDP,1458298124556000.0,295.444,56,3360,background
2206889338,719036341,0,0,ICMP,1458298124984000.0,300.01599999999996,31,992,background
3543140250,719036341,0,0,ICMP,1458298124984000.0,300.01599999999996,31,992,background
2821350839,719036341,0,0,ICMP,1458298125000000.0,300.0,61,1952,background
2963674122,719034665,57185,443,TCP,1458298125008000.0,299.992,854,120028,background
3496974707,719036357,0,0,ICMP,1458298125012000.0,299.988,31,992,background
3529379502,719036236,161,55097,UDP,1458298125732000.0,300.268,1856,165103,background
3515300085,719036106,55987,443,TCP,1458298125804000.0,259.19599999999997,235,26710,background
613807286,719036341,0,0,ICMP,1458298125932000.0,300.068,31,992,background
3390899483,719036249,161,63061,UDP,1458298125940000.0,297.06,337,40436,background
3494072368,719036341,161,50244,UDP,1458298125992000.0,300.008,469,48600,background
3494212498,719036341,0,0,ICMP,1458298126004000.0,304.996,62,1984,background
612513030,719036357,0,0,ICMP,1458298126004000.0,299.996,31,992,background
2206865250,719036357,0,0,ICMP,1458298126008000.0,299.992,31,992,background
3390988285,719036357,0,0,ICMP,1458298126008000.0,299.992,31,992,background
3496995075,719036357,0,0,ICMP,1458298126008000.0,299.992,31,992,background
3496958219,719036357,0,0,ICMP,1458298126008000.0,299.992,31,992,background
714185923,719036359,0,0,ICMP,1458298126008000.0,304.992,62,1736,background
3508670281,719036357,0,0,ICMP,1458298126008000.0,299.992,31,992,background
1053687689,719036357,0,0,ICMP,1458298126008000.0,299.992,31,992,background
3496971307,719036359,0,0,ICMP,1458298126008000.0,304.992,62,1736,background
3626655831,719036357,0,0,ICMP,1458298126008000.0,299.992,31,992,background
3628038305,719036357,0,0,ICMP,1458298126008000.0,299.992,31,992,background
3747048565,719036357,0,0,ICMP,1458298126008000.0,299.992,31,992,background
607355193,719036357,0,0,ICMP,1458298126008000.0,299.992,31,992,background
847553395,719036357,0,0,ICMP,1458298126008000.0,299.992,31,992,background
1063990105,719036357,0,0,ICMP,1458298126008000.0,299.992,31,992,background
3543667010,719036357,0,0,ICMP,1458298126008000.0,299.992,31,992,background
613756468,719036357,0,0,ICMP,1458298126008000.0,299.992,31,992,background
714166169,719036357,0,0,ICMP,1458298126012000.0,299.988,31,992,background
3496841271,719036357,0,0,ICMP,1458298126012000.0,299.988,31,992,background
714185933,719036357,0,0,ICMP,1458298126012000.0,299.988,31,992,background
624992581,719035660,0,0,GRE,1458298126080000.0,308.92,680,100551,background
847553395,719036341,8291,32662,TCP,1458298127004000.0,299.996,31,6721,background
3627282195,719036357,0,0,ICMP,1458298127008000.0,299.992,31,992,background
3140652434,719034815,4444,53,UDP,1458298127608000.0,300.392,3973,258245,background
1340032754,719034665,55136,443,TCP,1458298127736000.0,309.264,93,3720,background
3627282195,719036341,161,50244,UDP,1458298127988000.0,310.012,178,28516,background
847553395,719036357,8291,56860,TCP,1458298128016000.0,309.9840000000001,32,6938,background
3496568808,719036357,161,50084,UDP,1458298128384000.0,295.616,442,58543,background
2842518977,719035635,52706,22011,TCP,1458298128624000.0,307.376,62,3472,background
3515300085,719036106,49382,443,TCP,1458298128760000.0,308.24,53,2120,background
1702125694,719036359,0,0,ICMP,1458298128920000.0,300.08,61,1708,background
3561868579,719036242,39366,8000,TCP,1458298129440000.0,300.56,33,2708,background
3542776156,719036242,36262,8000,TCP,1458298129480000.0,300.52,32,2688,background
3626732371,719035661,3235,49166,UDP,1458298129760000.0,300.24,59,3540,background
1751479207,719034665,58210,443,TCP,1458298129768000.0,301.232,54,2160,background
3644811184,719036282,45708,5531,ESP,1458298130536000.0,297.464,69,9528,background
3606171246,719035249,50655,449,TCP,1458298130716000.0,300.284,311,62156,background
3494329983,719034665,1216,443,TCP,1458298130776000.0,294.224,53,2120,background
3494298739,719036359,0,0,ICMP,1458298130808000.0,300.192,62,1736,background
573131629,719034617,4444,53,UDP,1458298130844000.0,300.156,2334,151710,background
4053081552,719036357,161,50084,UDP,1458298130904000.0,300.096,335,38507,background
1730436473,719036359,0,0,ICMP,1458298130928000.0,300.072,61,1708,background
3494300995,719036357,161,50084,UDP,1458298131032000.0,299.968,284,34188,background
3740226046,719036255,1194,48708,UDP,1458298131064000.0,290.936,462,82742,background
4053081552,719036341,161,50244,UDP,1458298131276000.0,302.724,335,38115,background
3543785001,719034985,25696,25,TCP,1458298131672000.0,242.328,12199,17118042,background
3383203480,719035868,0,0,GRE,1458298131844000.0,300.156,12360,1121427,background
3627442435,719036341,0,0,ICMP,1458298132008000.0,299.992,31,992,background
3626730303,719036357,161,50084,UDP,1458298132076000.0,309.9240000000001,4982,415413,background
3496488933,719036249,161,63061,UDP,1458298132088000.0,309.9120000000001,1038,97923,background
3496958219,719036357,161,50084,UDP,1458298132792000.0,301.20799999999997,293,22960,background
3494048355,719035673,3934,63503,ESP,1458298133060000.0,308.94,2817,570792,background
543103285,719036255,443,56271,TCP,1458298133156000.0,308.844,3835,5111977,background
3542939988,719035255,52783,3389,TCP,1458298133696000.0,300.3040000000001,4023,518091,background
3529389115,719036341,0,0,ICMP,1458298134004000.0,299.996,41,1312,background
3496957581,719034713,57386,29521,UDP,1458298134028000.0,300.972,15289,1716247,background
3496835453,719034713,60289,51286,UDP,1458298134708000.0,300.2920000000001,718,68881,background
3626732371,719035661,3231,49162,UDP,1458298134728000.0,295.272,58,6032,background
2842639413,719036242,48109,8000,TCP,1458298134832000.0,300.168,60,3280,background
3564167802,3564167801,54730,179,TCP,1458298135008000.0,298.992,82,28464,background
2842639413,719036242,48106,8000,TCP,1458298135104000.0,299.89599999999996,60,3280,background
847553395,719036341,0,0,ICMP,1458298136004000.0,299.996,31,992,background
3494048355,719036357,161,50084,UDP,1458298136528000.0,292.472,396,30480,background
3542539964,719036357,161,50084,UDP,1458298137164000.0,294.836,319,38756,background
3543553018,719036357,8291,61024,TCP,1458298137304000.0,299.69599999999997,113,22882,background
3496568808,719036341,8291,54093,TCP,1458298137728000.0,292.272,30,1200,background
2968793991,719036242,46586,21,TCP,1458298137784000.0,298.216,265,16052,background
573131629,719034815,4444,53,UDP,1458298137788000.0,295.212,2254,146510,background
714113684,719035673,485,50164,ESP,1458298137788000.0,300.212,4108,684944,background
3681235050,719034713,52097,58667,UDP,1458298137984000.0,300.01599999999996,1207,91375,background
2968793991,719036242,46624,21,TCP,1458298138784000.0,296.216,267,16146,background
3508669844,719036106,53589,443,TCP,1458298138812000.0,294.188,53,2120,background
3496504561,719036359,8291,1909,TCP,1458298138896000.0,300.1040000000001,72,8573,background
2968793991,719036242,46627,21,TCP,1458298138900000.0,296.1,253,15262,background
3626642757,719034665,49324,443,TCP,1458298139300000.0,299.7,55,2556,background
3496581410,719036357,161,50084,UDP,1458298139980000.0,291.02,408,31528,background
3495649058,719036341,0,0,ICMP,1458298139988000.0,300.012,31,992,background
3748754014,719036341,0,0,ICMP,1458298139992000.0,300.008,31,992,background
621218460,719036341,0,0,ICMP,1458298139996000.0,300.004,31,992,background
3510545610,719034741,0,0,GRE,1458298140492000.0,300.508,904,115365,background
3822048866,719034617,4444,53,UDP,1458298140916000.0,301.084,2474,160810,background
3543669261,719036357,8291,61028,TCP,1458298141008000.0,299.992,31,6541,background
621196262,719036357,161,50084,UDP,1458298141012000.0,299.988,405,42580,background
3510180157,719036359,8291,2444,TCP,1458298141012000.0,291.988,35,4204,background
1285799154,719036357,161,50084,UDP,1458298141428000.0,297.572,325,37127,background
3627866564,719035672,51777,65370,UDP,1458298142452000.0,309.548,563,93158,background
613756468,719036341,0,0,ICMP,1458298143000000.0,300.0,31,992,background
3494007734,719036341,161,50244,UDP,1458298143112000.0,301.888,366,28441,background
3592965760,719036357,161,50084,UDP,1458298143216000.0,307.784,616,86186,background
3627482672,719036357,161,50084,UDP,1458298143308000.0,302.692,414,43825,background
1050775787,719036357,161,50084,UDP,1458298143836000.0,300.164,419,32853,background
3543140250,719036357,161,50084,UDP,1458298143900000.0,301.1,366,28441,background
3822048866,719034815,4444,53,UDP,1458298144032000.0,299.968,2148,139620,background
3519723235,719036116,63065,64887,UDP,1458298144536000.0,310.464,162,32612,background
637342562,719036242,55981,8000,TCP,1458298144700000.0,309.3,63,2712,background
1730436467,719036355,161,64801,UDP,1458298144860000.0,305.14,129,10137,background
871418903,719036357,0,0,ICMP,1458298145012000.0,300.988,62,2728,background
1137846741,719036357,161,50084,UDP,1458298145432000.0,301.568,240,18714,background
707249873,719036357,0,0,ICMP,1458298146004000.0,309.996,32,1024,background
3390628210,719036357,0,0,ICMP,1458298146008000.0,309.992,32,1024,background
1062187666,719036357,0,0,ICMP,1458298146012000.0,308.988,32,1024,background
3529379502,719036357,0,0,ICMP,1458298146012000.0,309.988,32,1024,background
1285802241,719036242,60610,8000,TCP,1458298146196000.0,308.8040000000001,63,3468,background
1285802241,719036242,60609,8000,TCP,1458298146204000.0,308.796,63,3468,background
1285802241,719036242,60612,8000,TCP,1458298146372000.0,308.628,63,3468,background
1285802241,719036242,60613,8000,TCP,1458298146372000.0,308.628,63,3468,background
1285802241,719036242,60611,8000,TCP,1458298146376000.0,308.624,63,3468,background
1730436471,719036355,161,64801,UDP,1458298147012000.0,304.988,132,10376,background
3515300085,719036106,49329,443,TCP,1458298147268000.0,300.732,1051,168256,background
630232857,719036106,49256,443,TCP,1458298147612000.0,308.388,51,2040,background
615695613,719036117,333,60716,TCP,1458298147796000.0,301.204,895,79164,background
2206886731,719036341,161,50244,UDP,1458298147992000.0,300.008,328,37633,background
2961357086,719036341,8291,1619,TCP,1458298148008000.0,299.992,45,9821,background
630232857,719036106,49663,443,TCP,1458298148304000.0,310.69599999999997,659,79698,background
3402978758,719034665,49623,443,TCP,1458298148748000.0,301.252,192,17635,background
1053666402,719036341,161,50244,UDP,1458298148768000.0,309.232,1210,111956,background
3626732371,719036341,0,0,ICMP,1458298148888000.0,310.112,32,1024,background
613789036,719036357,161,50084,UDP,1458298148928000.0,291.072,284,22172,background
3515300085,719036106,49201,443,TCP,1458298149788000.0,294.212,52,2146,background
613807287,719036341,0,0,ICMP,1458298149992000.0,300.008,31,992,background
3626656229,719036357,161,50084,UDP,1458298150008000.0,300.992,419,33242,background
1718639395,719035635,39686,22011,TCP,1458298150264000.0,296.736,60,3360,background
3542776215,719036242,34660,21,TCP,1458298150688000.0,300.312,296,18114,background
3564493699,719036116,61450,64887,UDP,1458298150692000.0,299.308,137,16898,background
3634159948,719035617,49462,42523,ESP,1458298150984000.0,300.01599999999996,36,5568,background
3494372189,719036341,0,0,ICMP,1458298151008000.0,299.992,31,992,background
612513060,719036341,0,0,ICMP,1458298151008000.0,299.992,31,992,background
2206889338,719036357,161,50084,UDP,1458298151008000.0,299.992,464,48988,background
3741986201,719036357,161,50084,UDP,1458298151088000.0,300.9120000000001,355,38852,background
2968793991,719036242,44835,8000,TCP,1458298151508000.0,290.492,30,2520,background
3494186652,719036341,0,0,ICMP,1458298151976000.0,300.024,31,992,background
621265680,719036341,0,0,ICMP,1458298151992000.0,300.008,31,992,background
3494299132,719036341,0,0,ICMP,1458298152012000.0,299.988,31,992,background
630232857,719036106,7557,443,TCP,1458298152032000.0,299.968,551,65268,background
2206887626,719036359,0,0,ICMP,1458298152388000.0,300.612,61,1708,background
3627443852,719036357,161,50084,UDP,1458298152400000.0,300.6,208,30315,background
2821253815,719036249,161,63061,UDP,1458298152512000.0,300.488,542,51163,background
3510197005,719036242,34575,8000,TCP,1458298152696000.0,295.3040000000001,60,4080,background
1702145365,719036236,0,0,ICMP,1458298153552000.0,300.448,71,2268,background
3509835672,719035672,40316,65370,UDP,1458298153772000.0,298.228,1314,182836,background
2236962687,719035635,58056,22002,TCP,1458298153796000.0,299.204,129,7806,background
714605879,719036249,161,63061,UDP,1458298153944000.0,301.056,439,47810,background
3496968745,719036341,0,0,ICMP,1458298153992000.0,300.008,31,992,background
612512793,719036341,0,0,ICMP,1458298153992000.0,300.008,31,992,background
613807287,719036357,161,50084,UDP,1458298154008000.0,299.992,541,56156,background
3746596079,719036116,52132,64887,UDP,1458298154248000.0,300.752,164,33496,background
3527313968,719034713,8000,50837,TCP,1458298154380000.0,300.62,62,3472,background
3627900764,719036359,0,0,ICMP,1458298154764000.0,300.236,61,1708,background
1730436465,719036359,0,0,ICMP,1458298154776000.0,300.224,61,1708,background
3579785533,719034665,49204,443,TCP,1458298154796000.0,301.204,54,2160,background
3382796980,719036341,161,50244,UDP,1458298154928000.0,293.072,269,33432,background
3510197005,719036242,34594,8000,TCP,1458298155308000.0,299.692,61,3332,background
3510197005,719036242,34576,8000,TCP,1458298155308000.0,299.692,61,3332,background
3543669261,719036357,0,0,ICMP,1458298156012000.0,299.988,31,992,background
3528473045,719036357,0,0,ICMP,1458298156016000.0,299.9840000000001,31,992,background
2842518977,719035635,47932,22002,TCP,1458298156532000.0,293.468,115,6250,background
3652948530,719034665,58939,443,TCP,1458298156544000.0,297.45599999999996,1432,168426,background
3529384295,719034665,2122,443,TCP,1458298156568000.0,281.432,50,2000,background
2206889363,719036359,161,3143,UDP,1458298156752000.0,302.248,705,69506,background
1335901249,719035635,43271,22002,TCP,1458298156764000.0,300.236,70,3750,background
3591760694,719036282,22023,24632,ESP,1458298156896000.0,299.1040000000001,69,9528,background
3627849873,719036242,36484,8000,TCP,1458298156968000.0,300.032,61,3332,background
1772486510,719036221,443,42263,TCP,1458298156972000.0,281.028,106,14765,background
707249628,719036341,161,50244,UDP,1458298156976000.0,300.024,2217,215780,background
3496841271,719036341,161,50244,UDP,1458298156996000.0,300.004,493,51391,background
3627849873,719036242,36482,8000,TCP,1458298157096000.0,299.904,61,3332,background
3627849873,719036242,36483,8000,TCP,1458298157100000.0,299.9,61,3332,background
3627849873,719036242,36485,8000,TCP,1458298157104000.0,299.89599999999996,61,3332,background
3627849873,719036242,36480,8000,TCP,1458298157104000.0,299.89599999999996,61,3332,background
3627849873,719036242,36478,8000,TCP,1458298157104000.0,299.89599999999996,61,3332,background
3627849873,719036242,36477,8000,TCP,1458298157104000.0,299.89599999999996,61,3332,background
3627849873,719036242,36481,8000,TCP,1458298157108000.0,299.892,61,3332,background
3627849873,719036242,36479,8000,TCP,1458298157112000.0,299.888,61,3332,background
3509885902,719034665,63581,443,TCP,1458298157484000.0,280.51599999999996,85,6114,background
1053585016,719034665,61634,443,TCP,1458298157628000.0,301.372,54,2160,background
3667056162,719034665,49196,443,TCP,1458298157760000.0,294.24,53,2120,background
3529375964,719036242,39663,8000,TCP,1458298157836000.0,300.164,61,2600,background
2232563010,719036357,161,50084,UDP,1458298157844000.0,303.156,518,52827,background
3592962359,719036249,161,63061,UDP,1458298157944000.0,303.056,437,37092,background
3496568808,719036341,161,50244,UDP,1458298157968000.0,300.032,444,59500,background
621254087,719035635,2031,50002,TCP,1458298158860000.0,300.14,31,1302,background
630232857,719036106,37663,443,TCP,1458298159340000.0,297.66,360,45821,background
3543138957,719034665,62375,443,TCP,1458298159384000.0,300.616,68,3742,background
3652793940,719034665,55819,443,TCP,1458298159672000.0,301.328,1746,209249,background
2206889706,719036341,0,0,ICMP,1458298159996000.0,300.004,31,992,background
714113684,719036357,161,50084,UDP,1458298160028000.0,301.972,363,28230,background
3627788990,719035635,47007,22001,TCP,1458298160260000.0,298.74,120,6720,background
2962863708,719034617,4444,53,UDP,1458298160276000.0,292.724,4199,272935,background
636148517,719035635,48120,40004,TCP,1458298161136000.0,299.8640000000001,563,29962,background
2962863708,719034815,4444,53,UDP,1458298161956000.0,291.0440000000001,3763,244595,background
1053687689,719035660,0,0,GRE,1458298162100000.0,301.9,3020,211400,background
3381354648,719036247,443,51647,TCP,1458298162232000.0,301.768,4807,5100856,background
1062187666,719036357,161,50084,UDP,1458298162404000.0,294.596,287,34126,background
3652253829,719034989,61719,80,TCP,1458298162968000.0,300.032,62,12919,background
3543668533,719035673,753,8141,ESP,1458298163584000.0,301.416,2992,570048,background
1285799154,719036341,8291,31157,TCP,1458298163904000.0,296.096,32,1721,background
2206868324,719036242,49333,8000,TCP,1458298164136000.0,299.8640000000001,61,3332,background
2206868324,719036242,48922,8000,TCP,1458298164180000.0,299.82,61,3332,background
2842518977,719035635,58858,22002,TCP,1458298164448000.0,300.552,116,6302,background
2206868324,719036242,35520,8000,TCP,1458298164468000.0,300.532,63,4236,background
607355019,719036357,0,0,ICMP,1458298165008000.0,299.992,31,992,background
3509606282,719036357,0,0,ICMP,1458298165012000.0,299.988,31,992,background
3494186652,719036357,0,0,ICMP,1458298165012000.0,299.988,31,992,background
611815459,719036357,0,0,ICMP,1458298165016000.0,299.9840000000001,31,992,background
732179822,719034713,443,56047,UDP,1458298165404000.0,301.596,521,199734,background
3543672832,719036341,161,50244,UDP,1458298165900000.0,301.1,511,63289,background
3494372186,719036341,161,50244,UDP,1458298165928000.0,301.072,682,90025,background
621196268,719036357,0,0,ICMP,1458298166004000.0,299.996,31,992,background
714158824,719036357,0,0,ICMP,1458298166008000.0,209.99200000000002,22,704,background
1053666402,719036357,0,0,ICMP,1458298166008000.0,299.992,31,992,background
2966347888,719036357,0,0,ICMP,1458298166008000.0,299.992,31,992,background
1137846741,719036357,0,0,ICMP,1458298166008000.0,299.992,31,992,background
607268084,719036357,161,50084,UDP,1458298166008000.0,299.992,929,72618,background
612513060,719036357,0,0,ICMP,1458298166008000.0,299.992,31,992,background
3627482672,719036357,0,0,ICMP,1458298166008000.0,299.992,31,992,background
3627286024,719036357,0,0,ICMP,1458298166008000.0,299.992,31,992,background
3626656164,719036357,0,0,ICMP,1458298166008000.0,299.992,31,992,background
3593025574,719036357,0,0,ICMP,1458298166008000.0,299.992,31,992,background
3564345423,719036357,0,0,ICMP,1458298166008000.0,299.992,31,992,background
3543674894,719036357,0,0,ICMP,1458298166008000.0,299.992,31,992,background
621196262,719036357,0,0,ICMP,1458298166008000.0,299.992,31,992,background
3495649058,719036357,0,0,ICMP,1458298166008000.0,299.992,31,992,background
3390716342,719036357,0,0,ICMP,1458298166008000.0,299.992,31,992,background
607268383,719036357,0,0,ICMP,1458298166012000.0,299.988,31,992,background
3383198733,719036357,0,0,ICMP,1458298166012000.0,299.988,31,992,background
613789036,719036357,0,0,ICMP,1458298166012000.0,299.988,31,992,background
3494076576,719036357,0,0,ICMP,1458298166012000.0,299.988,31,992,background
3510330694,719036357,0,0,ICMP,1458298166012000.0,299.988,31,992,background
3542786198,719036357,0,0,ICMP,1458298166012000.0,299.988,31,992,background
3626640925,719036359,0,0,ICMP,1458298166300000.0,300.7,61,1708,background
3495615000,719035635,17810,41001,TCP,1458298166604000.0,303.39599999999996,438,25099,background
3741932389,719035635,1516,41001,TCP,1458298166624000.0,302.376,280,11760,background
3748719702,719035635,38142,40004,TCP,1458298167080000.0,302.92,461,24660,background
3593403834,719034713,49631,57182,UDP,1458298167092000.0,302.908,831,87521,background
3681369462,719034696,51963,25,TCP,1458298167104000.0,302.89599999999996,12575,18418336,background
3529379502,719036341,161,50244,UDP,1458298167456000.0,302.5440000000001,1885,167417,background
3509613424,719035861,0,0,GRE,1458298167748000.0,300.252,448,44587,background
1285802241,719036242,60608,8000,TCP,1458298168496000.0,300.504,62,4184,background
1730436471,719036236,161,55097,UDP,1458298168884000.0,301.116,97,7637,background
871418903,719036341,0,0,ICMP,1458298169984000.0,300.01599999999996,31,992,background
1438687936,719034713,80,63926,TCP,1458298170436000.0,270.564,59,2647,background
3390901094,719035062,56114,993,TCP,1458298171048000.0,301.952,31681,1956242,background
2821254715,719036348,585,32856,ESP,1458298171060000.0,301.94,4903,2258376,background
3508670281,719036357,161,50084,UDP,1458298171064000.0,301.936,5378,436315,background
627170947,719034988,0,769,ICMP,1458298171192000.0,301.808,99,13520,background
3510197005,719036242,34580,8000,TCP,1458298171208000.0,299.7920000000001,61,3332,background
3510197005,719036242,34589,8000,TCP,1458298171208000.0,299.7920000000001,61,3332,background
3510197005,719036242,34583,8000,TCP,1458298171348000.0,299.652,61,3332,background
3510197005,719036242,34588,8000,TCP,1458298171348000.0,299.652,61,3332,background
3510197005,719036242,34592,8000,TCP,1458298171348000.0,299.652,61,3332,background
3592957493,719036341,0,0,ICMP,1458298171504000.0,301.496,62,1984,background
3652220858,719035635,59206,40004,TCP,1458298171856000.0,299.144,573,32001,background
2240140666,719035660,49162,8291,TCP,1458298171880000.0,301.12,62,2480,background
3506382377,719035004,49952,25,TCP,1458298172048000.0,301.952,6440,9415049,background
714185923,719036359,161,3143,UDP,1458298172180000.0,300.82,283,32723,background
3390703813,719035635,49044,22002,TCP,1458298172356000.0,301.644,197,11737,background
710619707,719036341,5938,52252,TCP,1458298172480000.0,297.52,151,27165,background
3383432306,719036249,161,63061,UDP,1458298172520000.0,299.48,458,38481,background
1137846741,719036341,0,0,ICMP,1458298172992000.0,300.008,31,992,background
3145441606,719034713,443,50615,TCP,1458298173116000.0,215.88400000000001,171,168401,background
3746614674,719036341,1502,57838,UDP,1458298173800000.0,301.2,2948,1560002,background
615115861,719036106,49192,443,TCP,1458298174064000.0,300.936,2327,319111,background
1050852398,719036357,161,50084,UDP,1458298174884000.0,300.116,1366,127427,background
3551283777,719036341,0,0,ICMP,1458298174940000.0,300.06,31,992,background
3626732223,719034665,51756,443,TCP,1458298174980000.0,299.02,820,96984,background
1772486511,719036341,443,63116,TCP,1458298174996000.0,297.004,36,2970,background
3561788651,719035635,48994,22002,TCP,1458298175080000.0,293.92,116,6296,background
3667012555,719036357,161,50084,UDP,1458298175244000.0,300.756,467,36299,background
630232857,719036106,51722,443,TCP,1458298175776000.0,301.224,1227,172113,background
3746785765,719035635,41756,40004,TCP,1458298175816000.0,301.184,589,31308,background
3627894148,719036357,0,0,ICMP,1458298176008000.0,299.992,31,992,background
3626732814,719035635,49267,41001,TCP,1458298176032000.0,300.968,633,43928,background
3496515272,719035635,1146,41001,TCP,1458298176044000.0,300.95599999999996,351,16697,background
3515300085,719036106,49540,443,TCP,1458298176068000.0,291.932,347,41002,background
3627286024,719034823,0,0,GRE,1458298176716000.0,300.284,629,86925,background
3746785765,719035635,43000,40004,TCP,1458298176856000.0,300.144,563,29954,background
3564488184,719035602,50204,443,TCP,1458298176896000.0,299.1040000000001,128,15827,background
1341555006,719034713,80,50826,TCP,1458298176936000.0,296.064,32,9669,background
630232857,719036106,49244,443,TCP,1458298177140000.0,302.86,873,98211,background
2234968879,719034815,80,53,UDP,1458298177764000.0,301.236,3171,209285,background
543103277,719036252,80,45548,TCP,1458298177924000.0,302.07599999999996,3666,5288816,background
2206868324,719036242,51141,8000,TCP,1458298178024000.0,299.976,61,3332,background
2206868324,719036242,17398,8000,TCP,1458298178068000.0,299.932,61,3332,background
2206868324,719036242,17328,8000,TCP,1458298178068000.0,299.932,61,3332,background
2206868324,719036242,10478,8000,TCP,1458298178072000.0,299.928,61,3332,background
2206868324,719036242,35455,8000,TCP,1458298178072000.0,299.928,61,3332,background
2206868324,719036242,29262,8000,TCP,1458298178076000.0,299.9240000000001,61,3332,background
2206868324,719036242,3049,8000,TCP,1458298178076000.0,299.9240000000001,61,3332,background
2206868324,719036242,34717,8000,TCP,1458298178076000.0,299.9240000000001,61,3332,background
2206868324,719036242,64781,8000,TCP,1458298178076000.0,299.9240000000001,61,3332,background
2206868324,719036242,32280,8000,TCP,1458298178080000.0,299.92,61,3332,background
2206868324,719036242,23267,8000,TCP,1458298178080000.0,299.92,61,3332,background
2206868324,719036242,26373,8000,TCP,1458298178080000.0,299.92,61,3332,background
3543553018,719036341,0,0,ICMP,1458298178636000.0,300.3640000000001,32,1024,background
3495650829,719034665,33155,443,TCP,1458298178812000.0,301.188,58,2660,background
1730436473,719036359,161,3143,UDP,1458298179960000.0,300.04,178,25594,background
3627894148,719036341,0,0,ICMP,1458298179988000.0,250.012,26,832,background
2659245460,719034977,57457,110,TCP,1458298180100000.0,301.9,3431,216143,background
2821253734,719036249,161,63061,UDP,1458298180496000.0,297.504,1689,147838,background
2842657744,719034665,58852,443,TCP,1458298180632000.0,294.368,52,2080,background
3390716342,719036357,8291,63899,TCP,1458298180784000.0,300.216,44,8666,background
2821252929,719036249,161,63061,UDP,1458298180812000.0,300.188,1043,90533,background
621199470,719035673,537,40303,ESP,1458298181016000.0,301.9840000000001,2783,468424,background
2234968879,719034617,4444,53,UDP,1458298181172000.0,300.828,2258,146770,background
3627065437,719035635,60078,22002,TCP,1458298181532000.0,293.468,120,6480,background
3494301579,719036249,161,63061,UDP,1458298181760000.0,295.24,345,28911,background
628142719,719036341,0,0,ICMP,1458298181972000.0,300.028,31,992,background
3561788651,719035635,39044,22011,TCP,1458298181988000.0,298.012,60,3360,background
844515154,719036341,0,0,ICMP,1458298182000000.0,300.0,31,992,background
3496532466,719036249,161,63061,UDP,1458298182148000.0,301.8520000000001,680,68682,background
3270066258,719034788,45627,80,TCP,1458298182556000.0,267.444,1405,110173,background
2403862665,719036266,0,0,ICMP,1458298182908000.0,300.092,121,10164,background
2206868324,719036242,57842,8000,TCP,1458298183036000.0,299.964,61,3332,background
2206868324,719036242,64219,8000,TCP,1458298183036000.0,299.964,61,3332,background
2206868324,719036242,18638,8000,TCP,1458298183036000.0,299.964,61,3332,background
1049241669,719035868,0,2816,ICMP,1458298183640000.0,300.36,108,10584,background
621269268,719036341,0,0,ICMP,1458298183976000.0,300.024,31,992,background
3627282195,719036357,161,50084,UDP,1458298184012000.0,299.988,177,28016,background
2961357086,719036357,8291,61051,TCP,1458298184880000.0,300.12,45,9761,background
3391825950,719036357,0,0,ICMP,1458298184888000.0,300.112,31,992,background
3644811262,719036282,57023,57888,ESP,1458298185056000.0,301.944,2827,345608,background
3510197005,719036242,34597,8000,TCP,1458298185068000.0,299.932,61,3364,background
3510197005,719036242,34593,8000,TCP,1458298185068000.0,299.932,61,3364,background
1137880558,719035635,33969,22001,TCP,1458298185300000.0,296.7,118,6608,background
718139228,719034665,60484,443,TCP,1458298185568000.0,281.432,54,3216,background
3493870181,719036341,161,50244,UDP,1458298185912000.0,301.08799999999997,1247,147167,background
1730462237,719036357,8291,50493,TCP,1458298185988000.0,295.012,82,17298,background
613760871,719036357,0,0,ICMP,1458298186012000.0,299.988,31,992,background
2206886731,719035656,0,0,GRE,1458298186148000.0,300.8520000000001,182,11578,background
2821253753,719036249,161,63061,UDP,1458298186316000.0,297.684,1668,146008,background
3604637197,719034617,4444,53,UDP,1458298186536000.0,300.464,1315,85475,background
710622868,719036341,5938,61084,TCP,1458298186716000.0,301.284,3212,796515,background
2234968879,719034815,4444,53,UDP,1458298187388000.0,301.612,2306,149890,background
3515300085,719036106,49620,443,TCP,1458298187472000.0,303.528,1376,219432,background
1050840638,719036341,161,50244,UDP,1458298187996000.0,300.004,1014,94208,background
3543667010,719036341,161,50244,UDP,1458298188012000.0,299.988,167,27423,background
3652948530,719034665,53219,443,TCP,1458298188084000.0,303.916,1342,159180,background
3748895686,719035635,21776,20103,TCP,1458298188292000.0,301.70799999999997,162,6804,background
3515300085,719036106,49431,443,TCP,1458298188644000.0,303.356,207,20569,background
3495586470,719036341,0,0,ICMP,1458298188972000.0,300.028,31,992,background
3494043631,719036341,0,0,ICMP,1458298189008000.0,299.992,31,992,background
1678018220,719034654,58038,80,TCP,1458298189220000.0,220.78,98,19727,background
3528473045,719036357,161,50084,UDP,1458298189548000.0,297.452,1582,153156,background
1053666402,719036341,0,0,ICMP,1458298189996000.0,300.004,31,992,background
3391653882,719035635,58261,22002,TCP,1458298190024000.0,302.976,120,6526,background
630232857,719036106,49436,443,TCP,1458298190044000.0,302.95599999999996,525,74011,background
3494300995,719036341,0,0,ICMP,1458298190152000.0,299.848,31,992,background
3515300085,719036106,35610,443,TCP,1458298191116000.0,257.884,266,36411,background
1718639395,719035635,58903,22002,TCP,1458298191392000.0,303.608,119,6474,background
3383530122,719034741,57069,56014,UDP,1458298191924000.0,303.07599999999996,1039,158094,background
3651208289,719036249,161,63061,UDP,1458298191956000.0,302.0440000000001,335,26917,background
710622865,719036252,5938,65455,TCP,1458298192312000.0,305.688,891,109736,background
4115040109,719036342,0,0,GRE,1458298193012000.0,299.988,162,22627,background
710622867,719034713,5938,65090,TCP,1458298193136000.0,299.8640000000001,1026,135886,background
3383660388,719035635,46499,22002,TCP,1458298193896000.0,299.1040000000001,114,6587,background
2207051990,719035635,46008,22011,TCP,1458298194372000.0,297.628,60,3360,background
2961357086,719036357,0,0,ICMP,1458298194880000.0,300.12,31,992,background
1137480463,719036357,0,0,ICMP,1458298196008000.0,299.992,31,992,background
621218460,719036357,0,0,ICMP,1458298196008000.0,299.992,31,992,background
637348479,719036357,0,0,ICMP,1458298196008000.0,299.992,31,992,background
612513562,719036357,0,0,ICMP,1458298196008000.0,299.992,31,992,background
3661050406,719036357,0,0,ICMP,1458298196008000.0,299.992,31,992,background
1592649161,719036357,0,0,ICMP,1458298196008000.0,299.992,31,992,background
3627442435,719036357,0,0,ICMP,1458298196008000.0,299.992,31,992,background
3509835672,719036357,0,0,ICMP,1458298196008000.0,299.992,31,992,background
3496631402,719036357,0,0,ICMP,1458298196008000.0,299.992,31,992,background
2206889682,719036357,0,0,ICMP,1458298196008000.0,299.992,31,992,background
3627912442,719036357,0,0,ICMP,1458298196008000.0,299.992,31,992,background
3493870181,719036357,0,0,ICMP,1458298196012000.0,299.988,31,992,background
3626642889,719036357,0,0,ICMP,1458298196012000.0,299.988,31,992,background
607268084,719036357,0,0,ICMP,1458298196012000.0,299.988,31,992,background
621269268,719036357,0,0,ICMP,1458298196012000.0,299.988,31,992,background
3494007734,719036357,0,0,ICMP,1458298196012000.0,299.988,31,992,background
1050775787,719036357,0,0,ICMP,1458298196012000.0,299.988,31,992,background
2921493169,719036357,0,0,ICMP,1458298196016000.0,299.9840000000001,31,992,background
3551283777,719036357,0,0,ICMP,1458298196016000.0,299.9840000000001,31,992,background
3627894148,719035672,51731,65370,UDP,1458298196552000.0,304.448,292,37224,background
3515300085,719036106,60266,443,TCP,1458298196724000.0,305.276,55,2200,background
2821253816,719036249,161,63061,UDP,1458298198028000.0,306.972,396,45250,background
3391747519,719036341,161,50244,UDP,1458298198244000.0,301.756,428,44512,background
1057003565,719035902,500,500,UDP,1458298198792000.0,300.20799999999997,61,7320,background
621263950,719032690,52396,80,TCP,1458298198824000.0,180.176,29,2689,background
2966354168,719036341,0,0,ICMP,1458298198876000.0,300.124,62,1984,background
2966367387,719036341,161,50244,UDP,1458298198996000.0,300.004,440,45108,background
1050852398,719036341,161,50244,UDP,1458298199004000.0,299.996,1324,112177,background
637353906,719036341,0,0,ICMP,1458298199008000.0,299.992,31,992,background
637353906,719036341,161,50244,UDP,1458298199008000.0,299.992,643,63422,background
1447195986,719034617,4444,53,UDP,1458298199400000.0,305.6,2332,151580,background
637348479,719036341,0,0,ICMP,1458298199988000.0,300.012,31,992,background
2777010863,719035161,45574,161,UDP,1458298199996000.0,166.00400000000005,33,2450,background
3644811262,719036282,57023,57888,ESP,1458298200144000.0,302.856,69,9528,background
3626656164,719035673,560,38686,ESP,1458298200204000.0,305.796,2942,553376,background
3627912442,719036341,161,50244,UDP,1458298200244000.0,301.756,1527,127319,background
732180924,719036221,80,44373,TCP,1458298200304000.0,228.696,28,2674,background
1056989395,719035635,45062,22002,TCP,1458298200456000.0,163.54399999999995,36,1938,background
618845236,719035635,41030,22002,TCP,1458298200588000.0,302.4120000000001,97,5453,background
3627286024,719036357,161,50084,UDP,1458298200696000.0,305.3040000000001,404,31340,background
3391747519,719036357,161,50084,UDP,1458298201020000.0,299.98,436,45181,background
732179815,719036221,80,38593,TCP,1458298201468000.0,212.532,25,2564,background
1040949750,719036341,0,0,ICMP,1458298201768000.0,303.232,93,2976,background
1447195986,719034815,4444,53,UDP,1458298201904000.0,303.096,2202,143130,background
3746757552,719036341,0,0,ICMP,1458298202012000.0,299.988,31,992,background
3746998728,719035635,43955,22002,TCP,1458298202520000.0,165.48,37,1984,background
3499068137,719036106,1668,443,TCP,1458298202928000.0,301.072,1955,204000,background
612513188,719036341,161,62334,UDP,1458298203008000.0,302.992,104,7923,background
3390988285,719036341,0,0,ICMP,1458298203008000.0,299.992,31,992,background
3666341701,719036236,0,0,ICMP,1458298203560000.0,300.44,61,1708,background
3527314288,719036249,161,63061,UDP,1458298203632000.0,300.368,399,56864,background
630232857,719036106,59553,443,TCP,1458298203820000.0,301.18,451,62723,background
732179470,719036221,80,60638,TCP,1458298203992000.0,210.00799999999998,26,5090,background
714185933,719036357,161,50084,UDP,1458298204012000.0,299.988,655,64298,background
1051287738,719036106,48297,443,TCP,1458298204308000.0,305.692,749,78738,background
621199470,719036357,161,50084,UDP,1458298204368000.0,301.632,417,32276,background
3544110304,719036242,10009,8000,TCP,1458298204564000.0,300.436,31,2604,background
3626730303,719036357,0,0,ICMP,1458298204876000.0,300.124,31,992,background
3627966414,719036357,0,0,ICMP,1458298204880000.0,300.12,31,992,background
2206868323,719036357,0,0,ICMP,1458298204884000.0,300.116,31,992,background
3390628210,719036357,8291,64259,TCP,1458298204884000.0,300.116,35,7613,background
3529379499,719036341,3389,64103,TCP,1458298205008000.0,304.992,434,42554,background
3652948530,719034665,56652,443,TCP,1458298205800000.0,301.2,122,12678,background
3543246089,719034665,50525,443,TCP,1458298206788000.0,301.212,1404,160788,background
3543215261,719036116,1036,64887,UDP,1458298207452000.0,305.548,371,57958,background
3494372189,719036357,161,50084,UDP,1458298207460000.0,305.54,1222,104371,background
2821236371,719036242,40643,8000,TCP,1458298207512000.0,300.488,61,4164,background
3496997674,719036106,49571,443,TCP,1458298207748000.0,305.252,486,66439,background
2777010735,719036341,55271,53465,UDP,1458298207752000.0,305.248,2108,154403,background
3644811262,719036280,38018,14553,ESP,1458298208164000.0,301.836,1805,541992,background
2206889363,719035870,0,0,ICMP,1458298208724000.0,304.276,42,1176,background
3627273486,719035635,49168,50002,TCP,1458298208940000.0,300.06,31,1302,background
3542939988,719035255,62906,3389,TCP,1458298208976000.0,306.024,307,12292,background
3383203016,719035635,62904,50002,TCP,1458298209012000.0,299.988,31,1302,background
3564345622,719035635,1037,41001,TCP,1458298209036000.0,305.964,292,12264,background
1057023429,719034713,443,7812,TCP,1458298209068000.0,305.932,2064,1213286,background
3728379887,719035255,26461,3389,TCP,1458298209820000.0,301.18,3696,298771,background
614042389,719035868,0,0,IPIP,1458298209824000.0,302.176,4055,805898,background
732179780,719035247,443,64549,UDP,1458298209980000.0,297.02,116,18360,background
3106273606,719034713,443,50235,TCP,1458298210000000.0,300.0,33,4573,background
3495649058,719036341,161,50244,UDP,1458298210984000.0,302.01599999999996,493,38329,background
1161140201,719036221,80,42437,TCP,1458298211124000.0,180.87599999999998,1767,2382839,background
1592625471,719036359,0,0,ICMP,1458298211260000.0,305.74,62,1736,background
1730436471,719036359,0,0,ICMP,1458298211288000.0,305.712,62,1736,background
3494298764,719036242,52345,8000,TCP,1458298211484000.0,300.51599999999996,31,2604,background
3508669844,719036106,52777,443,TCP,1458298211484000.0,302.51599999999996,52,2080,background
3626730303,719036341,161,50244,UDP,1458298211812000.0,305.188,1558,141548,background
3542939988,719035255,49911,3389,TCP,1458298211964000.0,305.036,306,12240,background
608379086,719034713,3389,49800,TCP,1458298211968000.0,305.032,4742,1035545,background
2659246343,719034665,58265,443,TCP,1458298212688000.0,303.312,178,15690,background
2777321659,719036265,0,771,ICMP,1458298212716000.0,301.284,233,119571,background
3529375964,719036242,39658,8000,TCP,1458298212996000.0,305.004,62,2640,background
3627443852,719036116,52005,64887,UDP,1458298212996000.0,303.004,149,31946,background
3508669844,719036106,51827,443,TCP,1458298213200000.0,304.8,1603,203238,background
3542939988,719035255,52837,3389,TCP,1458298213380000.0,304.62,305,12200,background
1137624582,719035635,54043,22002,TCP,1458298213472000.0,296.528,160,9052,background
3527314303,719036249,161,63061,UDP,1458298213672000.0,297.328,471,40084,background
3515300085,719036106,49558,443,TCP,1458298213824000.0,301.176,560,68910,background
3591722841,719036280,10,28525,ESP,1458298213888000.0,304.112,862,272784,background
3515300085,719036106,49284,443,TCP,1458298213896000.0,302.1040000000001,736,96024,background
2821253737,719036249,161,63061,UDP,1458298213912000.0,300.08799999999997,2141,198006,background
3494007734,719036357,161,50084,UDP,1458298213948000.0,302.052,366,28441,background
3627912442,719036357,161,50084,UDP,1458298214028000.0,304.972,1549,129166,background
2206889719,719036249,161,63061,UDP,1458298214036000.0,304.964,3410,309136,background
710619666,719034713,5938,23138,TCP,1458298214056000.0,301.944,106,5704,background
543103289,719034713,443,50963,TCP,1458298214060000.0,304.94,4959,5084561,background
3509763835,719036357,161,50084,UDP,1458298214080000.0,304.92,456,47859,background
3591722841,719036282,39096,17023,ESP,1458298214092000.0,304.908,4987,598440,background
3695929012,719032594,49423,110,TCP,1458298214136000.0,304.8640000000001,8239,332128,background
3494300995,719036341,161,50244,UDP,1458298214148000.0,303.8520000000001,289,34600,background
3564346178,719036249,161,63061,UDP,1458298214344000.0,304.656,2309,212773,background
3576612413,719036242,59309,8000,TCP,1458298214516000.0,300.4840000000001,61,4164,background
3585508269,719035255,0,0,GRE,1458298214572000.0,304.428,2526,402571,background
637342562,719036242,55978,8000,TCP,1458298214592000.0,300.408,62,3472,background
3652948530,719034665,49407,443,TCP,1458298214808000.0,301.192,1419,111873,background
3748679102,719035635,2224,10003,TCP,1458298214836000.0,302.164,259,11582,background
3496940395,719036357,161,50084,UDP,1458298214868000.0,300.132,651,75424,background
3509835672,719035672,39010,65370,UDP,1458298214888000.0,304.112,742,131996,background
615105297,719036249,161,63061,UDP,1458298214924000.0,299.07599999999996,1037,89760,background
2518012080,719034617,4444,53,UDP,1458298215324000.0,300.676,8286,538590,background
1340893906,719035635,38702,22002,TCP,1458298215592000.0,179.408,52,2903,background
1063990105,719036357,161,50084,UDP,1458298215684000.0,305.316,657,52345,background
3529375964,719036242,39655,8000,TCP,1458298215760000.0,305.24,63,3544,background
3515300085,719036106,49370,443,TCP,1458298215888000.0,305.112,1072,127294,background
3496940448,719036357,161,50084,UDP,1458298215892000.0,301.108,634,62930,background
3681184459,719035635,40716,22002,TCP,1458298215904000.0,284.096,62,3332,background
3510197005,719036242,34591,8000,TCP,1458298215980000.0,300.02,61,3332,background
3510197005,719036242,34584,8000,TCP,1458298215980000.0,300.02,61,3332,background
3510197005,719036242,34585,8000,TCP,1458298215980000.0,300.02,61,3332,background
3510197005,719036242,34587,8000,TCP,1458298215980000.0,300.02,61,3332,background
3510197005,719036242,34596,8000,TCP,1458298215980000.0,300.02,61,3332,background
3543674568,719036359,0,0,ICMP,1458298216012000.0,304.988,62,1736,background
3494372186,719036357,161,50084,UDP,1458298216136000.0,300.8640000000001,682,90025,background
621197414,719036342,49899,443,TCP,1458298216172000.0,304.828,1061,263123,background
3543673402,719036249,161,63061,UDP,1458298216236000.0,301.764,619,52791,background
2958053950,719035635,34140,22002,TCP,1458298216484000.0,163.516,38,2042,background
3383199205,719036242,55122,8000,TCP,1458298216540000.0,300.46,31,2604,background
3644811262,719036280,38018,14553,ESP,1458298216628000.0,304.372,69,9528,background
3509767651,719036357,161,50084,UDP,1458298216720000.0,305.28,547,41334,background
3510592743,719035635,35861,22002,TCP,1458298216772000.0,304.228,115,6242,background
3542190355,719036242,54226,8000,TCP,1458298216952000.0,305.048,62,2640,background
3542190355,719036242,54227,8000,TCP,1458298216956000.0,305.0440000000001,62,2640,background
1730465094,719036254,0,0,GRE,1458298216968000.0,300.032,366,120430,background
621269307,719036341,161,50244,UDP,1458298217008000.0,300.992,457,48680,background
3593334862,719036117,49394,22,TCP,1458298217152000.0,304.848,62,4960,background
3564428866,719035635,1048,41001,TCP,1458298217284000.0,303.716,289,12138,background
3576009392,719034665,50225,443,TCP,1458298217520000.0,301.48,55,2380,background
3382974872,719035195,0,0,GRE,1458298217604000.0,304.39599999999996,14332,10579055,background
3515300085,719036106,49564,443,TCP,1458298217632000.0,302.368,451,55759,background
2821236371,719036242,40648,8000,TCP,1458298217696000.0,300.3040000000001,61,3332,background
2821236371,719036242,40646,8000,TCP,1458298217768000.0,300.232,61,3332,background
2821236371,719036242,40645,8000,TCP,1458298217788000.0,300.212,61,3332,background
2821236371,719036242,40649,8000,TCP,1458298217824000.0,300.176,61,3332,background
2821236371,719036242,40647,8000,TCP,1458298217876000.0,300.124,61,3332,background
613762104,719036357,0,769,ICMP,1458298217888000.0,300.112,93,5580,background
2821236371,719036242,40644,8000,TCP,1458298217892000.0,300.108,61,3332,background
3543669261,719036341,161,50244,UDP,1458298217992000.0,300.008,431,45183,background
3515300085,719036106,49307,443,TCP,1458298218016000.0,302.9840000000001,52,2080,background
3529375964,719036242,39656,8000,TCP,1458298218064000.0,299.936,61,2600,background
3529375964,719036242,39657,8000,TCP,1458298218064000.0,299.936,61,2600,background
3529375964,719036242,39661,8000,TCP,1458298218064000.0,299.936,61,2600,background
3564345688,719035635,57334,41001,TCP,1458298218116000.0,303.884,290,12180,background
3542190355,719036242,54219,8000,TCP,1458298218428000.0,300.572,61,3400,background
637348470,719034665,65289,443,TCP,1458298218516000.0,301.4840000000001,55,2272,background
1592625471,719036236,0,0,ICMP,1458298218544000.0,300.45599999999996,61,1708,background
1730436471,719036236,0,0,ICMP,1458298218548000.0,305.452,62,1736,background
1053585018,719034665,37039,443,TCP,1458298218568000.0,294.432,47,1880,background
2518012080,719034815,4444,53,UDP,1458298218608000.0,302.392,8287,538655,background
1592625479,719036359,0,0,ICMP,1458298218684000.0,300.316,61,1708,background
3667056162,719034665,61073,443,TCP,1458298218800000.0,301.2,54,2160,background
3495574559,719035635,1077,50002,TCP,1458298219000000.0,300.0,31,1302,background
621218457,719036357,0,0,ICMP,1458298219016000.0,304.9840000000001,62,1984,background
621268222,719036249,161,63061,UDP,1458298219132000.0,302.868,1500,160508,background
732179458,719034713,80,58928,TCP,1458298219320000.0,251.68,36,5837,background
3692409670,719034713,80,26380,TCP,1458298219512000.0,303.488,2003,2456629,background
3544143898,719035249,47317,449,TCP,1458298219696000.0,304.3040000000001,192,25225,background
2830540640,719036266,443,38761,TCP,1458298219896000.0,162.10399999999996,50,36437,background
3666341701,719036355,0,0,ICMP,1458298219980000.0,300.02,61,1708,background
3543674568,719036359,161,3143,UDP,1458298220004000.0,145.996,36,2784,background
621269281,719036359,161,3143,UDP,1458298220008000.0,145.99200000000005,36,2808,background
3591722841,719036282,39096,17023,ESP,1458298220012000.0,300.988,69,9528,background
3510593011,719035635,33663,22002,TCP,1458298220416000.0,283.584,61,3274,background
3652251364,719034860,1291,39755,ESP,1458298220420000.0,306.58,1970,293704,background
3748795155,719035251,0,0,GRE,1458298220636000.0,306.3640000000001,3159,279950,background
1046754181,719034741,10003,61042,TCP,1458298220660000.0,306.34,1168,46720,background
3590807313,719034713,80,49686,TCP,1458298220720000.0,306.28,4904,5109934,background
3591722841,719036280,10,28525,ESP,1458298220784000.0,303.216,71,9848,background
2959511980,719034665,1047,443,TCP,1458298220796000.0,301.204,54,2160,background
1160756778,719035635,53298,40004,TCP,1458298220832000.0,306.168,506,27006,background
3510196991,719036242,56150,8000,TCP,1458298220936000.0,305.064,61,3332,background
3510196991,719036242,56143,8000,TCP,1458298220936000.0,305.064,61,3332,background
3510196991,719036242,56145,8000,TCP,1458298220936000.0,305.064,61,3332,background
3510196991,719036242,56146,8000,TCP,1458298220968000.0,305.032,62,3384,background
3510196991,719036242,56136,8000,TCP,1458298220968000.0,305.032,62,3384,background
1161139925,719036221,80,42385,TCP,1458298220988000.0,300.012,36,3297,background
3542939988,719035255,49488,3389,TCP,1458298220996000.0,306.004,308,12332,background
3510196991,719036242,56148,8000,TCP,1458298221064000.0,304.936,61,3332,background
3510196991,719036242,56149,8000,TCP,1458298221064000.0,304.936,62,3384,background
3510196991,719036242,56144,8000,TCP,1458298221064000.0,304.936,62,3384,background
3510196991,719036242,56147,8000,TCP,1458298221064000.0,304.936,61,3332,background
637339545,719035623,50129,25,TCP,1458298221256000.0,253.74400000000003,5209,7702093,background
3496889903,719035635,42058,22002,TCP,1458298222388000.0,283.612,65,3492,background
2236962687,719035635,43008,22002,TCP,1458298222716000.0,304.284,113,6126,background
2207051990,719035635,49060,22002,TCP,1458298222808000.0,304.192,113,6120,background
2921493169,719036341,0,0,ICMP,1458298223008000.0,299.992,31,992,background
3543431883,719036357,0,771,ICMP,1458298223008000.0,145.99200000000005,36,3660,background
3529384295,719034665,1705,443,TCP,1458298223056000.0,170.94400000000005,31,1240,background
3542776215,719036242,34501,21,TCP,1458298223216000.0,240.78400000000002,311,19404,background
3579785533,719034665,51876,443,TCP,1458298223232000.0,253.768,45,1800,background
3576330380,719035635,36938,22002,TCP,1458298223444000.0,143.556,33,1772,background
1730436466,719036236,161,55097,UDP,1458298223460000.0,301.54,97,7636,background
1730436467,719036236,0,0,ICMP,1458298223540000.0,300.46,61,1708,background
1730436474,719036236,0,0,ICMP,1458298223552000.0,305.448,62,1736,background
718139228,719034665,63480,443,TCP,1458298223612000.0,253.388,252,22590,background
3542748485,719036342,0,0,GRE,1458298223668000.0,170.332,350,66535,background
3590022758,719034823,0,0,GRE,1458298224016000.0,302.9840000000001,2306,323634,background
1677996052,719034833,47267,80,TCP,1458298224196000.0,159.804,173,17628,background
3627437453,719035635,51441,22002,TCP,1458298224440000.0,143.56,33,1772,background
4088691979,719034617,4444,53,UDP,1458298224468000.0,299.532,2450,159250,background
844515154,719036357,161,50084,UDP,1458298224812000.0,300.188,248,41985,background
3626655831,719036357,161,50084,UDP,1458298224840000.0,300.16,705,79387,background
2777010863,719035206,45574,161,UDP,1458298225008000.0,145.99200000000005,44,3276,background
4088691979,719034815,4444,53,UDP,1458298225240000.0,301.76,2097,136305,background
3509606405,719035195,0,0,GRE,1458298225376000.0,307.624,7151,722815,background
2966367387,719035654,0,0,GRE,1458298225512000.0,307.488,148,33751,background
615115861,719036106,52225,443,TCP,1458298226064000.0,305.936,55,2224,background
3626655815,719035870,0,0,ICMP,1458298227008000.0,299.992,41,1148,background
1040959217,719036341,161,50244,UDP,1458298227132000.0,301.868,1077,101384,background
3591760694,719036280,32819,40471,ESP,1458298227240000.0,273.76,29,4392,background
3695745806,719036242,56153,8000,TCP,1458298227516000.0,300.4840000000001,33,2708,background
1386658195,719036341,443,49792,TCP,1458298227812000.0,300.188,52,4846,background
2232563010,719036341,161,50244,UDP,1458298228160000.0,301.84,514,52496,background
3510174848,719036357,161,50084,UDP,1458298228188000.0,308.812,1624,147547,background
3591760694,719036280,32819,40471,ESP,1458298228204000.0,308.796,3135,532168,background
3383619895,719035635,33947,22011,TCP,1458298228392000.0,297.608,60,3360,background
3509606405,719036341,161,50244,UDP,1458298228612000.0,308.388,421,58031,background
621269307,719036341,0,0,ICMP,1458298229000000.0,300.0,31,992,background
707249628,719036341,0,0,ICMP,1458298229004000.0,299.996,31,992,background
1063990133,719034823,0,0,GRE,1458298229672000.0,307.328,827,68534,background
1730462237,719036341,0,0,ICMP,1458298230004000.0,299.996,31,992,background
3543140250,719036341,161,50244,UDP,1458298230040000.0,300.96,396,42421,background
3627895316,719035635,1687,41001,TCP,1458298230320000.0,306.68,327,13734,background
714261353,719035635,49219,41001,TCP,1458298230464000.0,307.536,422,22878,background
2206864816,719036341,161,50244,UDP,1458298230524000.0,306.476,1056,97292,background
3515300085,719036106,49264,443,TCP,1458298230600000.0,231.4,43,1786,background
1137867321,719035635,56817,40004,TCP,1458298230792000.0,308.20799999999997,713,39354,background
2821350839,719036357,8291,64332,TCP,1458298230928000.0,300.072,82,31135,background
2246310762,719036246,443,52622,TCP,1458298230932000.0,303.068,155,30427,background
3515300085,719036106,51230,443,TCP,1458298231304000.0,308.69599999999997,474,71999,background
637339545,719036341,161,50244,UDP,1458298231460000.0,305.54,842,79368,background
3509815893,719036357,8291,55447,TCP,1458298231504000.0,299.496,32,6920,background
3509885902,719034665,63216,443,TCP,1458298231648000.0,308.3520000000001,1275,169228,background
1050775787,719034792,0,0,GRE,1458298232008000.0,303.992,65,2482,background
1592625479,719036355,0,0,ICMP,1458298232020000.0,304.98,62,1736,background
1702145365,719036359,0,0,ICMP,1458298232060000.0,300.94,72,2324,background
613760871,719036341,161,50244,UDP,1458298232064000.0,308.936,1831,174863,background
3383582015,719036242,40252,8000,TCP,1458298232120000.0,304.88,62,2640,background
1285805887,719036357,161,50084,UDP,1458298232712000.0,302.288,513,52429,background
3383165235,719035635,64251,10003,TCP,1458298232848000.0,306.152,234,9828,background
2403862665,719036341,0,0,ICMP,1458298232928000.0,306.072,91,6032,background
3529375964,719036242,39662,8000,TCP,1458298232972000.0,305.028,62,2640,background
3529375964,719036242,39664,8000,TCP,1458298232972000.0,305.028,62,2640,background
3529375964,719036242,39660,8000,TCP,1458298232996000.0,305.004,62,2640,background
3529375964,719036242,39659,8000,TCP,1458298232996000.0,305.004,62,2640,background
3496974707,719036341,0,0,ICMP,1458298233000000.0,300.0,31,992,background
3543431883,719036341,0,0,ICMP,1458298233008000.0,139.99200000000002,15,480,background
630232857,719036106,58491,443,TCP,1458298233444000.0,304.556,51,2040,background
2821236371,719036242,40650,8000,TCP,1458298233608000.0,305.392,62,3384,background
2821236371,719036242,40652,8000,TCP,1458298233680000.0,305.32,62,3384,background
2821236371,719036242,40651,8000,TCP,1458298233688000.0,305.312,62,3384,background
1056989777,719034987,3118,80,TCP,1458298233804000.0,155.196,213,17405,background
3746606990,719036116,60307,64887,UDP,1458298234012000.0,306.988,172,36872,background
613807286,719036341,161,50244,UDP,1458298234348000.0,308.652,756,74064,background
2206870438,719036357,0,0,ICMP,1458298234888000.0,300.112,31,992,background
2448347596,719036246,80,58372,TCP,1458298235016000.0,230.984,14053,21073716,background
637339568,719036341,161,50244,UDP,1458298235604000.0,301.39599999999996,462,48237,background
1040949750,719036357,0,0,ICMP,1458298235636000.0,310.3640000000001,96,3072,background
629252513,719036357,161,50084,UDP,1458298235808000.0,310.192,338,39207,background
3510197005,719036242,34578,8000,TCP,1458298235916000.0,309.084,63,3468,background
1040915317,719036341,161,50244,UDP,1458298235984000.0,310.01599999999996,1626,158210,background
2206870436,719036357,0,0,ICMP,1458298236000000.0,310.0,32,1024,background
2966354168,719036357,0,0,ICMP,1458298236004000.0,189.99599999999998,20,640,background
3494300995,719036357,0,0,ICMP,1458298236004000.0,309.996,32,1024,background
1063990133,719036357,0,0,ICMP,1458298236008000.0,309.992,32,1024,background
621170092,719036357,0,0,ICMP,1458298236008000.0,309.992,32,1024,background
3629857982,719036357,0,0,ICMP,1458298236008000.0,309.992,32,1024,background
3543672832,719036357,161,50084,UDP,1458298236008000.0,309.992,508,63419,background
3627277285,719036357,0,0,ICMP,1458298236008000.0,309.992,32,1024,background
3493870167,719036357,0,0,ICMP,1458298236008000.0,309.992,32,1024,background
3495586470,719036357,0,0,ICMP,1458298236008000.0,309.992,32,1024,background
624992581,719036357,0,0,ICMP,1458298236012000.0,309.988,32,1024,background
3627443852,719036357,0,0,ICMP,1458298236012000.0,309.988,32,1024,background
3592957493,719036357,0,0,ICMP,1458298236012000.0,309.988,32,1024,background
3493914567,719036357,0,0,ICMP,1458298236012000.0,309.988,32,1024,background
3746609128,719036357,0,0,ICMP,1458298236012000.0,309.988,32,1024,background
2232563010,719036357,0,0,ICMP,1458298236024000.0,309.976,32,1024,background
2961357086,719036341,161,50244,UDP,1458298236060000.0,301.94,869,104571,background
1438792265,719034713,443,60528,UDP,1458298236636000.0,310.3640000000001,42373,57117532,background
3494115860,719036242,12846,8000,TCP,1458298236684000.0,300.316,31,2232,background
621269281,719036359,0,0,ICMP,1458298236728000.0,305.272,62,1736,background
3542539964,719036341,161,50244,UDP,1458298237000000.0,310.0,319,38351,background
630232857,719036106,49869,443,TCP,1458298237364000.0,150.636,494,51777,background
3494165256,719036249,161,63061,UDP,1458298237432000.0,309.568,1966,182162,background
2821253030,719036249,161,63061,UDP,1458298237540000.0,301.46,1845,158494,background
1137880558,719035635,45416,22002,TCP,1458298237560000.0,303.44,122,6630,background
710622866,719034823,5938,59820,TCP,1458298237620000.0,298.38,59,3776,background
3572524080,719035635,47645,22002,TCP,1458298237672000.0,304.328,116,6296,background
2236962644,719035635,4033,10003,TCP,1458298237712000.0,308.288,410,22322,background
1039525680,719036116,1032,64887,UDP,1458298237760000.0,243.24,67,9830,background
1137624582,719035635,55420,22002,TCP,1458298237848000.0,304.152,114,6178,background
1201900299,719036341,8291,53446,TCP,1458298237912000.0,301.08799999999997,3779,5356574,background
637342562,719036242,55986,8000,TCP,1458298239976000.0,305.024,62,2640,background
2821252993,719036249,161,63061,UDP,1458298240148000.0,302.8520000000001,429,47501,background
3543881252,719036242,60697,8000,TCP,1458298240556000.0,300.444,31,2604,background
3576612413,719036242,59313,8000,TCP,1458298240704000.0,303.296,62,3416,background
1718638843,719035635,59952,22002,TCP,1458298240724000.0,302.276,117,6356,background
3680806824,719034665,50133,443,TCP,1458298240756000.0,308.244,161,14190,background
3748754014,719036357,8291,56216,TCP,1458298241008000.0,299.992,37,7797,background
3543418327,719036242,16109,8000,TCP,1458298241440000.0,300.56,31,2604,background
3626637927,719036359,0,0,ICMP,1458298241884000.0,305.116,62,1736,background
2206868323,719036341,0,0,ICMP,1458298241996000.0,300.004,31,992,background
629252513,719036341,0,0,ICMP,1458298242008000.0,299.992,31,992,background
1438813133,719036245,443,42203,TCP,1458298242408000.0,306.592,33518,49552970,background
3681188003,719035635,50592,22011,TCP,1458298243716000.0,298.284,60,3360,background
637353906,719036357,161,50084,UDP,1458298244004000.0,299.996,655,64422,background
3529389115,719036357,8291,53762,TCP,1458298244008000.0,299.992,31,6613,background
3529389115,719036357,8291,53761,TCP,1458298244008000.0,299.992,31,6613,background
1159346482,719035635,49046,22011,TCP,1458298244340000.0,286.66,58,3248,background
637342562,719036242,55979,8000,TCP,1458298244848000.0,305.152,62,2640,background
3738655541,719036357,0,0,ICMP,1458298244884000.0,300.116,31,992,background
629993389,719034987,56496,80,TCP,1458298245520000.0,302.48,31,1271,background
3515300085,719036106,49500,443,TCP,1458298245804000.0,301.19599999999997,82,7166,background
607267142,719036357,0,0,ICMP,1458298246004000.0,299.996,62,1984,background
3496968745,719036357,0,0,ICMP,1458298246008000.0,299.992,31,992,background
3496581410,719036357,0,0,ICMP,1458298246008000.0,299.992,31,992,background
3509763835,719036357,0,0,ICMP,1458298246008000.0,299.992,31,992,background
3509767651,719036357,0,0,ICMP,1458298246008000.0,299.992,31,992,background
3510180337,719036357,0,0,ICMP,1458298246008000.0,299.992,31,992,background
621269307,719036357,0,0,ICMP,1458298246008000.0,299.992,31,992,background
3496482772,719036357,0,0,ICMP,1458298246008000.0,299.992,31,992,background
1050813813,719036357,0,0,ICMP,1458298246012000.0,299.988,31,992,background
4118112862,719036357,0,0,ICMP,1458298246012000.0,299.988,31,992,background
714113684,719036357,0,0,ICMP,1458298246012000.0,299.988,31,992,background
1063990105,719034823,0,0,GRE,1458298246068000.0,307.932,4428,614561,background
3728379887,719035255,0,0,GRE,1458298246520000.0,294.48,726,120778,background
3572524080,719035635,40939,22011,TCP,1458298246984000.0,307.01599999999996,62,3472,background
625905394,719036341,8291,16808,TCP,1458298247000000.0,300.0,34,7220,background
621143206,719035868,0,0,IPIP,1458298247028000.0,308.972,5646,815312,background
607268605,719036341,161,50244,UDP,1458298247036000.0,299.964,433,46971,background
3494372189,719035658,0,0,GRE,1458298247168000.0,308.832,18088,2225933,background
1050850513,719036253,80,49344,TCP,1458298247180000.0,308.82,4751,5439549,background
2966367387,719036247,0,0,GRE,1458298247724000.0,308.276,658,47815,background
2206887457,719035635,49172,41001,TCP,1458298247964000.0,308.036,499,30141,background
1335901279,719035635,34483,22011,TCP,1458298248104000.0,306.89599999999996,62,3472,background
3496940448,719035195,3186,48608,ESP,1458298248208000.0,307.7920000000001,5586,646016,background
3496971318,719035635,52389,41001,TCP,1458298248244000.0,307.756,292,12264,background
3383199806,719035635,11200,41001,TCP,1458298248276000.0,307.724,324,13608,background
3627284322,719035635,49220,41001,TCP,1458298248336000.0,307.664,347,15707,background
624992581,719035677,49991,443,TCP,1458298248792000.0,154.208,4774,365484,background
2236962687,719035635,52383,22011,TCP,1458298248936000.0,307.064,62,3472,background
2236962687,719035635,45487,22011,TCP,1458298248940000.0,307.06,62,3472,background
3496940395,719036341,161,50244,UDP,1458298248996000.0,300.004,620,60854,background
3390628210,719036341,8291,1617,TCP,1458298248996000.0,300.004,33,7284,background
714185933,719036341,0,0,ICMP,1458298248996000.0,300.004,31,992,background
621218457,719036341,8291,1621,TCP,1458298249000000.0,300.0,34,7175,background
3626732371,719035661,3233,49164,UDP,1458298249652000.0,305.348,62,6448,background
2963699536,719034665,49512,443,TCP,1458298249704000.0,305.296,55,2200,background
3496482772,719035672,57436,65370,UDP,1458298249848000.0,306.152,605,120442,background
2966367387,719036341,0,0,ICMP,1458298250000000.0,300.0,31,992,background
3644811257,719036282,55536,13291,ESP,1458298250744000.0,305.256,70,9664,background
3564553392,719035635,40884,22011,TCP,1458298250900000.0,297.1,60,3360,background
3692409672,719036223,80,61666,TCP,1458298250924000.0,124.07600000000001,222,249393,background
4053081552,719036341,0,0,ICMP,1458298251000000.0,300.0,31,992,background
3111234842,719035195,443,58662,TCP,1458298251012000.0,299.988,35,4887,background
3145441606,719034713,443,50633,TCP,1458298251140000.0,192.86,117,115432,background
3270067057,719034743,43537,80,TCP,1458298251168000.0,130.832,120,12104,background
3692409672,719036223,80,61667,TCP,1458298251180000.0,123.82,32,13119,background
3692409672,719036223,80,61668,TCP,1458298251184000.0,123.816,53,34791,background
3738655541,719036341,161,50244,UDP,1458298251532000.0,297.468,702,74358,background
707248430,719036242,56305,8000,TCP,1458298251568000.0,300.432,31,2604,background
3692409672,719036223,80,61669,TCP,1458298251684000.0,160.316,227,223424,background
3383218495,719036341,0,0,ICMP,1458298251944000.0,300.056,31,992,background
2842618674,719035635,46110,40004,TCP,1458298251956000.0,305.0440000000001,528,28268,background
3627482672,719036341,0,0,ICMP,1458298251992000.0,300.008,31,992,background
3644811257,719036282,55536,13291,ESP,1458298252176000.0,306.824,3104,376544,background
3627992607,719034741,0,0,GRE,1458298252716000.0,194.28400000000002,714,81683,background
3496577216,719034665,55890,443,TCP,1458298252736000.0,301.264,52,2080,background
3572524246,719035635,43585,40004,TCP,1458298252940000.0,306.06,602,32118,background
621192556,719036357,8291,50543,TCP,1458298253984000.0,304.01599999999996,33,7138,background
3543667010,719036357,161,50084,UDP,1458298254008000.0,299.992,167,27423,background
1012359869,719034617,0,0,IPv6,1458298254644000.0,305.356,343,60934,background
624992581,719035677,62685,443,TCP,1458298254660000.0,172.34,2974,228318,background
1285799154,719036357,0,0,ICMP,1458298254684000.0,300.316,31,992,background
3390965056,719034665,49457,443,TCP,1458298254788000.0,301.212,124,10442,background
3741986201,719036357,0,0,ICMP,1458298254884000.0,300.116,31,992,background
2842509213,719036116,63801,64887,UDP,1458298254912000.0,165.088,52,6872,background
3692409687,719036223,80,61696,TCP,1458298254912000.0,116.088,17,1382,background
613762104,719036341,0,769,ICMP,1458298254988000.0,300.012,93,5580,background
3493936132,719035654,0,0,GRE,1458298255008000.0,305.992,307,21490,background
714194425,719035635,52566,10003,TCP,1458298255056000.0,299.944,221,9282,background
2959530092,719035013,56725,110,TCP,1458298255076000.0,305.9240000000001,876,35780,background
3692409687,719036223,80,61698,TCP,1458298255116000.0,115.884,15,925,background
3692409687,719036223,80,61697,TCP,1458298255116000.0,115.884,15,927,background
3748675939,719035635,52057,10003,TCP,1458298255140000.0,304.86,220,9240,background
